total_exec_time,parallel_exec_time,serial_exec_time,n_proc
0.730143, 0.000161, 0.729982, 32

2.549000, 0.001000, 2.548000, 32

0.807000, 0.000000, 0.807000, 32
